id;name;email;value
1;Diana Lee;user1@test.com;245.89
2;Alice Johnson;user2@test.com;682.19
3;Zoe Perez;user3@test.com;27.35
4;Sam Gonzalez;user4@test.com;378.54
5;Eve Martinez;user5@test.com;88.53
6;Frank Wilson;user6@test.com;373.7
7;Liam Anderson;user7@test.com;386.79
8;Quinn Harris;user8@test.com;381.42
9;Tara Harris;user9@test.com;420.29
10;Zoe Wilson;user10@test.com;620.68
11;Zoe Miller;user11@test.com;197.53
12;Victor Hernandez;user12@test.com;242.05
13;Liam Taylor;user13@test.com;648.98
14;Peter Anderson;user14@test.com;471.57
15;Jack Harris;user15@test.com;170.3
16;Blake Lopez;user16@test.com;789.37
17;Blake Jones;user17@test.com;931.57
18;Noah Miller;user18@test.com;470.68
19;Yara Thompson;user19@test.com;617.89
20;Jack Taylor;user20@test.com;817.19
21;Quinn Moore;user21@test.com;964.11
22;Eve Miller;user22@test.com;969.46
23;Xander Harris;user23@test.com;923.61
24;Peter Clark;user24@test.com;817.85
25;Uma Jones;user25@test.com;431.52
26;Kate Martinez;user26@test.com;672.95
27;Jack White;user27@test.com;765.79
28;Frank Jones;user28@test.com;100.98
29;Uma Hernandez;user29@test.com;125.2
30;Grace Hernandez;user30@test.com;708.35
31;Diana Williams;user31@test.com;670.24
32;Casey Anderson;user32@test.com;805.82
33;Quinn Perez;user33@test.com;192.73
34;Rachel Harris;user34@test.com;937.31
35;Frank Moore;user35@test.com;245.97
36;Alice Hernandez;user36@test.com;143.75
37;Bob Davis;user37@test.com;331.09
38;Ivy Hernandez;user38@test.com;810.48
39;Liam Davis;user39@test.com;37.96
40;Rachel White;user40@test.com;234.56
41;Quinn Garcia;user41@test.com;956.04
42;Quinn Thomas;user42@test.com;26.84
43;Frank Smith;user43@test.com;285.48
44;Ivy Anderson;user44@test.com;332.51
45;Maya Thomas;user45@test.com;924.67
46;Noah Gonzalez;user46@test.com;852.7
47;Drew Gonzalez;user47@test.com;465.49
48;Wendy Johnson;user48@test.com;324.38
49;Rachel Jones;user49@test.com;944.98
50;Rachel Moore;user50@test.com;196.42
51;Peter Martinez;user51@test.com;482.05
52;Kate Thompson;user52@test.com;424.25
53;Wendy Clark;user53@test.com;935.85
54;Quinn Anderson;user54@test.com;758.25
55;Charlie White;user55@test.com;468.74
56;Victor Jones;user56@test.com;610.98
57;Bob Lee;user57@test.com;908.45
58;Peter Hernandez;user58@test.com;832.92
59;Grace Williams;user59@test.com;619.3
60;Victor Clark;user60@test.com;916.17
61;Alex Miller;user61@test.com;386.48
62;Wendy Gonzalez;user62@test.com;735.85
63;Rachel Lopez;user63@test.com;25.95
64;Tara Miller;user64@test.com;587.14
65;Diana Lopez;user65@test.com;145.61
66;Yara Harris;user66@test.com;529.06
67;Wendy Jones;user67@test.com;254.05
68;Maya Jones;user68@test.com;386.88
69;Diana Perez;user69@test.com;794.24
70;Uma Johnson;user70@test.com;68.02
71;Peter Clark;user71@test.com;542.03
72;Jack Thompson;user72@test.com;153.42
73;Casey Williams;user73@test.com;577.51
74;Ivy Sanchez;user74@test.com;637.26
75;Ivy Davis;user75@test.com;190.27
76;Alice Lee;user76@test.com;15.91
77;Alex Brown;user77@test.com;94.6
78;Alice Sanchez;user78@test.com;692.72
79;Maya Williams;user79@test.com;386.3
80;Ivy Martinez;user80@test.com;379.17
81;Liam Jones;user81@test.com;694.97
82;Sam Sanchez;user82@test.com;502.16
83;Blake Martin;user83@test.com;640.71
84;Maya Martinez;user84@test.com;920.14
85;Liam Thompson;user85@test.com;511.8
86;Olivia Martinez;user86@test.com;641.65
87;Ivy Miller;user87@test.com;643.32
88;Grace Williams;user88@test.com;539.35
89;Tara Sanchez;user89@test.com;667.79
90;Tara Thomas;user90@test.com;836.0
91;Diana Sanchez;user91@test.com;809.75
92;Diana Perez;user92@test.com;66.7
93;Blake Lopez;user93@test.com;952.27
94;Henry Davis;user94@test.com;848.73
95;Alex Davis;user95@test.com;970.9
96;Casey Rodriguez;user96@test.com;202.14
97;Zoe Jackson;user97@test.com;541.04
98;Drew Anderson;user98@test.com;445.49
99;Frank Martin;user99@test.com;383.19
100;Noah Clark;user100@test.com;412.45
101;Tara Anderson;user101@test.com;904.58
102;Alice Williams;user102@test.com;701.46
103;Alice Harris;user103@test.com;331.5
104;Bob White;user104@test.com;385.09
105;Grace Sanchez;user105@test.com;473.84
106;Uma Martinez;user106@test.com;373.26
107;Henry Martinez;user107@test.com;217.97
108;Jack Martin;user108@test.com;440.99
109;Tara Thomas;user109@test.com;88.73
110;Liam White;user110@test.com;855.88
111;Wendy Moore;user111@test.com;826.62
112;Wendy Lopez;user112@test.com;893.0
113;Alex Moore;user113@test.com;451.45
114;Wendy Wilson;user114@test.com;654.72
115;Uma Williams;user115@test.com;811.89
116;Xander Taylor;user116@test.com;321.71
117;Quinn Taylor;user117@test.com;637.05
118;Charlie Clark;user118@test.com;443.85
119;Drew Thomas;user119@test.com;379.97
120;Quinn Gonzalez;user120@test.com;860.88
121;Bob Thompson;user121@test.com;627.84
122;Drew Sanchez;user122@test.com;627.16
123;Casey Jones;user123@test.com;165.3
124;Diana Lopez;user124@test.com;353.45
125;Sam Jackson;user125@test.com;842.85
126;Eve Thomas;user126@test.com;221.36
127;Tara Rodriguez;user127@test.com;970.76
128;Grace Anderson;user128@test.com;833.56
129;Noah Davis;user129@test.com;274.94
130;Quinn Jones;user130@test.com;117.14
131;Peter Martinez;user131@test.com;177.86
132;Sam Johnson;user132@test.com;249.78
133;Drew Miller;user133@test.com;245.37
134;Grace Brown;user134@test.com;26.12
135;Frank Garcia;user135@test.com;718.15
136;Frank Davis;user136@test.com;977.3
137;Blake Martin;user137@test.com;293.57
138;Kate Rodriguez;user138@test.com;26.12
139;Rachel Johnson;user139@test.com;919.13
140;Drew Anderson;user140@test.com;214.14
141;Alice Martinez;user141@test.com;17.08
142;Olivia Miller;user142@test.com;231.88
143;Victor Brown;user143@test.com;112.98
144;Jack White;user144@test.com;728.79
145;Casey White;user145@test.com;11.63
146;Casey Taylor;user146@test.com;446.94
147;Grace Sanchez;user147@test.com;497.03
148;Maya Moore;user148@test.com;786.36
149;Olivia Martinez;user149@test.com;527.14
150;Olivia Thomas;user150@test.com;133.49
151;Xander Thomas;user151@test.com;432.22
152;Ivy Smith;user152@test.com;935.25
153;Olivia Smith;user153@test.com;244.44
154;Henry Gonzalez;user154@test.com;306.47
155;Maya Wilson;user155@test.com;874.53
156;Blake Harris;user156@test.com;788.11
157;Liam Gonzalez;user157@test.com;302.56
158;Alice Smith;user158@test.com;711.29
159;Victor Anderson;user159@test.com;94.26
160;Maya Thompson;user160@test.com;547.56
161;Eve Garcia;user161@test.com;872.27
162;Blake Moore;user162@test.com;844.09
163;Blake Jones;user163@test.com;210.82
164;Diana Garcia;user164@test.com;537.83
165;Zoe Perez;user165@test.com;404.48
166;Uma Moore;user166@test.com;565.25
167;Eve Brown;user167@test.com;84.32
168;Sam Clark;user168@test.com;981.54
169;Drew Miller;user169@test.com;567.88
170;Blake Taylor;user170@test.com;128.1
171;Noah Moore;user171@test.com;645.85
172;Frank Thomas;user172@test.com;17.64
173;Rachel Sanchez;user173@test.com;16.4
174;Ivy Harris;user174@test.com;187.36
175;Olivia Jones;user175@test.com;278.22
176;Noah Rodriguez;user176@test.com;270.53
177;Wendy Sanchez;user177@test.com;448.74
178;Grace Martin;user178@test.com;518.06
179;Grace Miller;user179@test.com;427.93
180;Blake Smith;user180@test.com;380.15
181;Drew Martinez;user181@test.com;673.44
182;Xander Harris;user182@test.com;255.85
183;Liam Lee;user183@test.com;631.53
184;Sam Clark;user184@test.com;957.1
185;Noah Jackson;user185@test.com;477.06
186;Frank Perez;user186@test.com;516.09
187;Yara Johnson;user187@test.com;731.0
188;Casey Gonzalez;user188@test.com;512.32
189;Maya Perez;user189@test.com;152.47
190;Maya Johnson;user190@test.com;614.6
191;Casey Rodriguez;user191@test.com;513.69
192;Rachel Lopez;user192@test.com;951.96
193;Henry Brown;user193@test.com;102.07
194;Frank Miller;user194@test.com;541.1
195;Ivy Lee;user195@test.com;620.76
196;Drew Rodriguez;user196@test.com;623.7
197;Grace Hernandez;user197@test.com;69.1
198;Quinn Sanchez;user198@test.com;334.55
199;Xander Rodriguez;user199@test.com;269.92
200;Sam Moore;user200@test.com;683.19
201;Charlie Brown;user201@test.com;738.06
202;Quinn Perez;user202@test.com;217.18
203;Jack Sanchez;user203@test.com;827.82
204;Noah Lopez;user204@test.com;490.18
205;Diana Jones;user205@test.com;270.33
206;Ivy Garcia;user206@test.com;306.76
207;Diana Smith;user207@test.com;270.9
208;Blake Gonzalez;user208@test.com;608.4
209;Xander Davis;user209@test.com;531.8
210;Olivia Moore;user210@test.com;939.34
211;Victor Williams;user211@test.com;280.95
212;Peter Harris;user212@test.com;325.99
213;Wendy Smith;user213@test.com;16.41
214;Jack Moore;user214@test.com;305.36
215;Wendy White;user215@test.com;258.37
216;Henry Sanchez;user216@test.com;407.98
217;Maya Rodriguez;user217@test.com;500.68
218;Uma Taylor;user218@test.com;673.55
219;Diana Williams;user219@test.com;199.97
220;Wendy Wilson;user220@test.com;560.85
221;Xander Hernandez;user221@test.com;731.36
222;Sam Lopez;user222@test.com;248.77
223;Drew Lopez;user223@test.com;357.7
224;Xander Clark;user224@test.com;213.07
225;Rachel Sanchez;user225@test.com;119.92
226;Uma Thompson;user226@test.com;758.64
227;Liam Jackson;user227@test.com;247.66
228;Drew Rodriguez;user228@test.com;373.89
229;Frank Williams;user229@test.com;255.21
230;Tara Davis;user230@test.com;53.39
231;Peter Jackson;user231@test.com;731.7
232;Yara Miller;user232@test.com;646.9
233;Drew Brown;user233@test.com;481.36
234;Grace Harris;user234@test.com;677.59
235;Blake Wilson;user235@test.com;848.03
236;Grace Thompson;user236@test.com;622.28
237;Maya Hernandez;user237@test.com;907.72
238;Sam Thomas;user238@test.com;209.48
239;Frank Thomas;user239@test.com;884.52
240;Maya Anderson;user240@test.com;546.12
241;Noah Taylor;user241@test.com;843.21
242;Peter Thomas;user242@test.com;746.37
243;Peter Lopez;user243@test.com;67.06
244;Sam Miller;user244@test.com;839.42
245;Liam Sanchez;user245@test.com;343.92
246;Rachel Wilson;user246@test.com;428.9
247;Charlie Miller;user247@test.com;20.96
248;Alex Harris;user248@test.com;761.13
249;Jack Williams;user249@test.com;472.29
250;Peter Rodriguez;user250@test.com;940.22
251;Tara Williams;user251@test.com;288.19
252;Sam Lopez;user252@test.com;501.11
253;Henry Harris;user253@test.com;417.02
254;Alex Moore;user254@test.com;794.19
255;Alice Moore;user255@test.com;540.29
256;Uma Moore;user256@test.com;465.28
257;Zoe Martinez;user257@test.com;947.35
258;Frank Wilson;user258@test.com;384.16
259;Zoe Thomas;user259@test.com;495.12
260;Blake Jones;user260@test.com;558.6
261;Grace Miller;user261@test.com;63.33
262;Tara Martin;user262@test.com;531.25
263;Alice Perez;user263@test.com;342.44
264;Zoe Thomas;user264@test.com;653.74
265;Blake Gonzalez;user265@test.com;647.19
266;Diana Lopez;user266@test.com;714.19
267;Blake Smith;user267@test.com;405.16
268;Bob Brown;user268@test.com;113.74
269;Charlie Williams;user269@test.com;444.76
270;Henry Martin;user270@test.com;556.66
271;Diana Hernandez;user271@test.com;34.6
272;Jack Taylor;user272@test.com;551.89
273;Alice Martinez;user273@test.com;405.28
274;Jack Garcia;user274@test.com;483.67
275;Xander Miller;user275@test.com;310.3
276;Noah Rodriguez;user276@test.com;497.22
277;Peter Martin;user277@test.com;883.02
278;Frank Harris;user278@test.com;789.97
279;Charlie Rodriguez;user279@test.com;619.88
280;Sam Martin;user280@test.com;630.31
281;Alice Williams;user281@test.com;896.44
282;Alice White;user282@test.com;484.9
283;Quinn Gonzalez;user283@test.com;543.95
284;Diana Sanchez;user284@test.com;861.58
285;Drew Gonzalez;user285@test.com;757.17
286;Yara Clark;user286@test.com;438.73
287;Drew Clark;user287@test.com;312.21
288;Ivy Clark;user288@test.com;522.64
289;Olivia Thompson;user289@test.com;129.41
290;Tara Smith;user290@test.com;683.63
291;Jack Clark;user291@test.com;469.8
292;Uma Sanchez;user292@test.com;599.04
293;Victor Martin;user293@test.com;847.74
294;Sam Williams;user294@test.com;362.76
295;Kate Thomas;user295@test.com;502.2
296;Henry Taylor;user296@test.com;560.13
297;Victor Smith;user297@test.com;287.37
298;Maya Anderson;user298@test.com;282.09
299;Tara Jackson;user299@test.com;530.96
300;Maya Anderson;user300@test.com;264.59
